beds_bucket,baths_bucket,avg_prob,listings
4,1.0,0.6368706766917294,133
1,1.0,0.6268850828729282,181
5,4.0,0.6262965277777778,144
5,2.0,0.6241064516129032,93
4,2.0,0.6208052430365921,1831
4,4.0,0.6189161417322835,254
2,1.0,0.6179912659470069,2038
3,3.0,0.6149755828220859,815
3,2.0,0.6148788789294282,7921
3,1.0,0.6133465224766751,2358
4,3.0,0.6119861132660978,1289
2,2.0,0.609642736248237,1418
5,3.0,0.6070694078947368,304
